-- phpMyAdmin SQL Dump
-- version 5.2.1
-- https://www.phpmyadmin.net/
--
-- Hôte : 127.0.0.1
-- Généré le : lun. 10 fév. 2025 à 16:08
-- Version du serveur : 10.4.32-MariaDB
-- Version de PHP : 8.0.30

SET SQL_MODE = "NO_AUTO_VALUE_ON_ZERO";
START TRANSACTION;
SET time_zone = "+00:00";


/*!40101 SET @OLD_CHARACTER_SET_CLIENT=@@CHARACTER_SET_CLIENT */;
/*!40101 SET @OLD_CHARACTER_SET_RESULTS=@@CHARACTER_SET_RESULTS */;
/*!40101 SET @OLD_COLLATION_CONNECTION=@@COLLATION_CONNECTION */;
/*!40101 SET NAMES utf8mb4 */;

--
-- Base de données : `tom_troc`
--

-- --------------------------------------------------------

--
-- Structure de la table `book`
--

CREATE TABLE `book` (
  `id` int(11) UNSIGNED NOT NULL,
  `title` varchar(255) NOT NULL,
  `author` varchar(255) NOT NULL,
  `description` text DEFAULT NULL,
  `availability` tinyint(1) NOT NULL,
  `photo` varchar(255) DEFAULT NULL,
  `created_at` datetime NOT NULL DEFAULT current_timestamp(),
  `user_id` int(11) UNSIGNED NOT NULL
) ENGINE=InnoDB DEFAULT CHARSET=utf8mb4 COLLATE=utf8mb4_general_ci;

--
-- Déchargement des données de la table `book`
--

INSERT INTO `book` (`id`, `title`, `author`, `description`, `availability`, `photo`, `created_at`, `user_id`) VALUES
(1, 'The Kinfolk Table', 'Nathan Williams', 'J\'ai récemment plongé dans les pages de \'The Kinfolk Table\' et j\'ai été enchanté par cette œuvre captivante. Ce livre va bien au-delà d\'une simple collection de recettes ; il célèbre l\'art de partager des moments authentiques autour de la table. \r\n\r\nLes photographies magnifiques et le ton chaleureux captivent dès le départ, transportant le lecteur dans un voyage à travers des recettes et des histoires qui mettent en avant la beauté de la simplicité et de la convivialité. \r\n\r\nChaque page est une invitation à ralentir, à savourer et à créer des souvenirs durables avec les êtres chers. \r\n\r\n\'The Kinfolk Table\' incarne parfaitement l\'esprit de la cuisine et de la camaraderie, et il est certain que ce livre trouvera une place spéciale dans le cœur de tout amoureux de la cuisine et des rencontres inspirantes.', 1, './uploads/books/books_6792653c2ceaf7.10601976.jpg', '2025-01-09 00:00:00', 1),
(2, 'Delight!', 'Justin Rossow', 'J\'ai récemment plongé dans les pages de \'The Kinfolk Table\' et j\'ai été enchanté par cette œuvre captivante. Ce livre va bien au-delà d\'une simple collection de recettes ; il célèbre l\'art de partager des moments authentiques autour de la table. \r\n\r\nLes photographies magnifiques et le ton chaleureux captivent dès le départ, transportant le lecteur dans un voyage à travers des recettes et des histoires qui mettent en avant la beauté de la simplicité et de la convivialité. \r\n\r\nChaque page est une invitation à ralentir, à savourer et à créer des souvenirs durables avec les êtres chers. \r\n\r\n\'The Kinfolk Table\' incarne parfaitement l\'esprit de la cuisine et de la camaraderie, et il est certain que ce livre trouvera une place spéciale dans le cœur de tout amoureux de la cuisine et des rencontres inspirantes.', 0, './uploads/books/books_67934cf4025e63.16137038.jpg', '2024-11-11 00:00:00', 1),
(5, 'Esther', 'Alabaster', 'J\'ai récemment plongé dans les pages de \'The Kinfolk Table\' et j\'ai été enchanté par cette œuvre captivante. Ce livre va bien au-delà d\'une simple collection de recettes ; il célèbre l\'art de partager des moments authentiques autour de la table. \n\nLes photographies magnifiques et le ton chaleureux captivent dès le départ, transportant le lecteur dans un voyage à travers des recettes et des histoires qui mettent en avant la beauté de la simplicité et de la convivialité. \n\nChaque page est une invitation à ralentir, à savourer et à créer des souvenirs durables avec les êtres chers. \n\n\'The Kinfolk Table\' incarne parfaitement l\'esprit de la cuisine et de la camaraderie, et il est certain que ce livre trouvera une place spéciale dans le cœur de tout amoureux de la cuisine et des rencontres inspirantes.', 1, './uploads/books/books_67926614e4c5f2.13045705.jpg', '2025-01-10 00:00:00', 1),
(6, 'Thinking, Fast & Slow', 'DanielKanheman', 'J\'ai récemment plongé dans les pages de \'The Kinfolk Table\' et j\'ai été enchanté par cette œuvre captivante. Ce livre va bien au-delà d\'une simple collection de recettes ; il célèbre l\'art de partager des moments authentiques autour de la table. \r\n\r\nLes photographies magnifiques et le ton chaleureux captivent dès le départ, transportant le lecteur dans un voyage à travers des recettes et des histoires qui mettent en avant la beauté de la simplicité et de la convivialité. \r\n\r\nChaque page est une invitation à ralentir, à savourer et à créer des souvenirs durables avec les êtres chers. \r\n\r\n\'The Kinfolk Table\' incarne parfaitement l\'esprit de la cuisine et de la camaraderie, et il est certain que ce livre trouvera une place spéciale dans le cœur de tout amoureux de la cuisine et des rencontres inspirantes.', 0, './uploads/books/books_67934d2a885151.74882627.jpg', '2024-11-11 00:00:00', 1),
(7, 'Wabi Sabi', 'Beth Kempton', 'J\'ai récemment plongé dans les pages de \'The Kinfolk Table\' et j\'ai été enchanté par cette œuvre captivante. Ce livre va bien au-delà d\'une simple collection de recettes ; il célèbre l\'art de partager des moments authentiques autour de la table. \r\n\r\nLes photographies magnifiques et le ton chaleureux captivent dès le départ, transportant le lecteur dans un voyage à travers des recettes et des histoires qui mettent en avant la beauté de la simplicité et de la convivialité. \r\n\r\nChaque page est une invitation à ralentir, à savourer et à créer des souvenirs durables avec les êtres chers. \r\n\r\n\'The Kinfolk Table\' incarne parfaitement l\'esprit de la cuisine et de la camaraderie, et il est certain que ce livre trouvera une place spéciale dans le cœur de tout amoureux de la cuisine et des rencontres inspirantes.', 1, './uploads/books/books_679266b0382da8.34030697.jpg', '2025-01-08 00:00:00', 9),
(9, 'Milk & honey', 'Rupi Kaur', 'J\'ai récemment plongé dans les pages de \'The Kinfolk Table\' et j\'ai été enchanté par cette œuvre captivante. Ce livre va bien au-delà d\'une simple collection de recettes ; il célèbre l\'art de partager des moments authentiques autour de la table. \r\n\r\nLes photographies magnifiques et le ton chaleureux captivent dès le départ, transportant le lecteur dans un voyage à travers des recettes et des histoires qui mettent en avant la beauté de la simplicité et de la convivialité. \r\n\r\nChaque page est une invitation à ralentir, à savourer et à créer des souvenirs durables avec les êtres chers. \r\n\r\n\'The Kinfolk Table\' incarne parfaitement l\'esprit de la cuisine et de la camaraderie, et il est certain que ce livre trouvera une place spéciale dans le cœur de tout amoureux de la cuisine et des rencontres inspirantes.', 1, './uploads/books/books_67934c01c69d05.14981198.jpg', '2025-01-07 00:00:00', 9),
(10, 'Milwaukee Mission', 'Elder Cooper Low', 'J\'ai récemment plongé dans les pages de \'The Kinfolk Table\' et j\'ai été enchanté par cette œuvre captivante. Ce livre va bien au-delà d\'une simple collection de recettes ; il célèbre l\'art de partager des moments authentiques autour de la table. \r\n\r\nLes photographies magnifiques et le ton chaleureux captivent dès le départ, transportant le lecteur dans un voyage à travers des recettes et des histoires qui mettent en avant la beauté de la simplicité et de la convivialité. \r\n\r\nChaque page est une invitation à ralentir, à savourer et à créer des souvenirs durables avec les êtres chers. \r\n\r\n\'The Kinfolk Table\' incarne parfaitement l\'esprit de la cuisine et de la camaraderie, et il est certain que ce livre trouvera une place spéciale dans le cœur de tout amoureux de la cuisine et des rencontres inspirantes.', 1, './uploads/books/books_67934dfbb0e654.89671452.jpg', '2024-11-11 00:00:00', 14),
(11, 'Minimalist Graphist', 'Julia Schoniau', 'J\'ai récemment plongé dans les pages de \'The Kinfolk Table\' et j\'ai été enchanté par cette œuvre captivante. Ce livre va bien au-delà d\'une simple collection de recettes ; il célèbre l\'art de partager des moments authentiques autour de la table. \r\n\r\nLes photographies magnifiques et le ton chaleureux captivent dès le départ, transportant le lecteur dans un voyage à travers des recettes et des histoires qui mettent en avant la beauté de la simplicité et de la convivialité. \r\n\r\nChaque page est une invitation à ralentir, à savourer et à créer des souvenirs durables avec les êtres chers. \r\n\r\n\'The Kinfolk Table\' incarne parfaitement l\'esprit de la cuisine et de la camaraderie, et il est certain que ce livre trouvera une place spéciale dans le cœur de tout amoureux de la cuisine et des rencontres inspirantes.', 1, './uploads/books/books_67934e33eada80.87936309.jpg', '2024-11-11 00:00:00', 14),
(12, 'Hygge', 'Meik Wiking', 'J\'ai récemment plongé dans les pages de \'The Kinfolk Table\' et j\'ai été enchanté par cette œuvre captivante. Ce livre va bien au-delà d\'une simple collection de recettes ; il célèbre l\'art de partager des moments authentiques autour de la table. \r\n\r\nLes photographies magnifiques et le ton chaleureux captivent dès le départ, transportant le lecteur dans un voyage à travers des recettes et des histoires qui mettent en avant la beauté de la simplicité et de la convivialité. \r\n\r\nChaque page est une invitation à ralentir, à savourer et à créer des souvenirs durables avec les êtres chers. \r\n\r\n\'The Kinfolk Table\' incarne parfaitement l\'esprit de la cuisine et de la camaraderie, et il est certain que ce livre trouvera une place spéciale dans le cœur de tout amoureux de la cuisine et des rencontres inspirantes.', 1, './uploads/books/books_67934e6f4948e5.57452441.jpg', '2024-11-11 00:00:00', 14),
(13, 'Innovation', 'Matt Ridley', 'J\'ai récemment plongé dans les pages de \'The Kinfolk Table\' et j\'ai été enchanté par cette œuvre captivante. Ce livre va bien au-delà d\'une simple collection de recettes ; il célèbre l\'art de partager des moments authentiques autour de la table. \r\n\r\nLes photographies magnifiques et le ton chaleureux captivent dès le départ, transportant le lecteur dans un voyage à travers des recettes et des histoires qui mettent en avant la beauté de la simplicité et de la convivialité. \r\n\r\nChaque page est une invitation à ralentir, à savourer et à créer des souvenirs durables avec les êtres chers. \r\n\r\n\'The Kinfolk Table\' incarne parfaitement l\'esprit de la cuisine et de la camaraderie, et il est certain que ce livre trouvera une place spéciale dans le cœur de tout amoureux de la cuisine et des rencontres inspirantes.', 1, './uploads/books/books_67934eb57b9f17.59497059.jpg', '2024-11-11 00:00:00', 14),
(14, 'Psalms', 'Alabaster', 'J\'ai récemment plongé dans les pages de \'The Kinfolk Table\' et j\'ai été enchanté par cette œuvre captivante. Ce livre va bien au-delà d\'une simple collection de recettes ; il célèbre l\'art de partager des moments authentiques autour de la table. \r\n\r\nLes photographies magnifiques et le ton chaleureux captivent dès le départ, transportant le lecteur dans un voyage à travers des recettes et des histoires qui mettent en avant la beauté de la simplicité et de la convivialité. \r\n\r\nChaque page est une invitation à ralentir, à savourer et à créer des souvenirs durables avec les êtres chers. \r\n\r\n\'The Kinfolk Table\' incarne parfaitement l\'esprit de la cuisine et de la camaraderie, et il est certain que ce livre trouvera une place spéciale dans le cœur de tout amoureux de la cuisine et des rencontres inspirantes.', 1, './uploads/books/books_67934eef888998.90680039.jpg', '2024-11-11 00:00:00', 14),
(15, 'A Book Full Of Hope', 'Rupi Kaur', 'J\'ai récemment plongé dans les pages de \'The Kinfolk Table\' et j\'ai été enchanté par cette œuvre captivante. Ce livre va bien au-delà d\'une simple collection de recettes ; il célèbre l\'art de partager des moments authentiques autour de la table. \r\n\r\nLes photographies magnifiques et le ton chaleureux captivent dès le départ, transportant le lecteur dans un voyage à travers des recettes et des histoires qui mettent en avant la beauté de la simplicité et de la convivialité. \r\n\r\nChaque page est une invitation à ralentir, à savourer et à créer des souvenirs durables avec les êtres chers. \r\n\r\n\'The Kinfolk Table\' incarne parfaitement l\'esprit de la cuisine et de la camaraderie, et il est certain que ce livre trouvera une place spéciale dans le cœur de tout amoureux de la cuisine et des rencontres inspirantes.', 1, './uploads/books/books_67934ff7862c66.99850657.jpg', '2024-11-11 00:00:00', 13),
(16, 'The Subtle Art Of Not Giving A F*ck', 'Mark Manson', 'J\'ai récemment plongé dans les pages de \'The Kinfolk Table\' et j\'ai été enchanté par cette œuvre captivante. Ce livre va bien au-delà d\'une simple collection de recettes ; il célèbre l\'art de partager des moments authentiques autour de la table. \r\n\r\nLes photographies magnifiques et le ton chaleureux captivent dès le départ, transportant le lecteur dans un voyage à travers des recettes et des histoires qui mettent en avant la beauté de la simplicité et de la convivialité. \r\n\r\nChaque page est une invitation à ralentir, à savourer et à créer des souvenirs durables avec les êtres chers. \r\n\r\n\'The Kinfolk Table\' incarne parfaitement l\'esprit de la cuisine et de la camaraderie, et il est certain que ce livre trouvera une place spéciale dans le cœur de tout amoureux de la cuisine et des rencontres inspirantes.', 1, './uploads/books/books_679350743e5279.90013819.jpg', '2024-11-11 00:00:00', 13),
(17, 'Narnia', 'C.S Lewis', 'J\'ai récemment plongé dans les pages de \'The Kinfolk Table\' et j\'ai été enchanté par cette œuvre captivante. Ce livre va bien au-delà d\'une simple collection de recettes ; il célèbre l\'art de partager des moments authentiques autour de la table. \r\n\r\nLes photographies magnifiques et le ton chaleureux captivent dès le départ, transportant le lecteur dans un voyage à travers des recettes et des histoires qui mettent en avant la beauté de la simplicité et de la convivialité. \r\n\r\nChaque page est une invitation à ralentir, à savourer et à créer des souvenirs durables avec les êtres chers. \r\n\r\n\'The Kinfolk Table\' incarne parfaitement l\'esprit de la cuisine et de la camaraderie, et il est certain que ce livre trouvera une place spéciale dans le cœur de tout amoureux de la cuisine et des rencontres inspirantes.', 1, './uploads/books/books_679350ebaf0529.76617787.jpg', '2024-11-11 00:00:00', 13),
(18, 'Company Of One', 'Paul Jarvis', 'J\'ai récemment plongé dans les pages de \'The Kinfolk Table\' et j\'ai été enchanté par cette œuvre captivante. Ce livre va bien au-delà d\'une simple collection de recettes ; il célèbre l\'art de partager des moments authentiques autour de la table. \r\n\r\nLes photographies magnifiques et le ton chaleureux captivent dès le départ, transportant le lecteur dans un voyage à travers des recettes et des histoires qui mettent en avant la beauté de la simplicité et de la convivialité. \r\n\r\nChaque page est une invitation à ralentir, à savourer et à créer des souvenirs durables avec les êtres chers. \r\n\r\n\'The Kinfolk Table\' incarne parfaitement l\'esprit de la cuisine et de la camaraderie, et il est certain que ce livre trouvera une place spéciale dans le cœur de tout amoureux de la cuisine et des rencontres inspirantes.', 1, './uploads/books/books_679353268fbc35.95236756.jpg', '2024-11-11 00:00:00', 13),
(19, 'The Two Towers', 'J.R.R Tolkien', 'J\'ai récemment plongé dans les pages de \'The Kinfolk Table\' et j\'ai été enchanté par cette œuvre captivante. Ce livre va bien au-delà d\'une simple collection de recettes ; il célèbre l\'art de partager des moments authentiques autour de la table. \r\n\r\nLes photographies magnifiques et le ton chaleureux captivent dès le départ, transportant le lecteur dans un voyage à travers des recettes et des histoires qui mettent en avant la beauté de la simplicité et de la convivialité. \r\n\r\nChaque page est une invitation à ralentir, à savourer et à créer des souvenirs durables avec les êtres chers. \r\n\r\n\'The Kinfolk Table\' incarne parfaitement l\'esprit de la cuisine et de la camaraderie, et il est certain que ce livre trouvera une place spéciale dans le cœur de tout amoureux de la cuisine et des rencontres inspirantes.', 1, './uploads/books/books_6793536bbe67a1.47194422.jpg', '2024-11-11 00:00:00', 13);

-- --------------------------------------------------------

--
-- Structure de la table `message`
--

CREATE TABLE `message` (
  `id` int(11) UNSIGNED NOT NULL,
  `sender_id` int(11) UNSIGNED NOT NULL,
  `receiver_id` int(11) UNSIGNED NOT NULL,
  `content` text NOT NULL,
  `sent_at` datetime DEFAULT current_timestamp(),
  `view` tinyint(1) NOT NULL DEFAULT 0
) ENGINE=InnoDB DEFAULT CHARSET=utf8mb4 COLLATE=utf8mb4_general_ci;

--
-- Déchargement des données de la table `message`
--

INSERT INTO `message` (`id`, `sender_id`, `receiver_id`, `content`, `sent_at`, `view`) VALUES
(1, 13, 9, 'Lorem ipsum dolor sit amet, consectetur .adipiscing elit, sed do eiusmod tempor.', '2025-02-01 08:39:22', 1),
(2, 9, 13, 'Lorem ipsum dolor sit amet, consectetur .adipiscing elit, sed do eiusmod tempor.', '2025-02-02 08:40:50', 1),
(3, 13, 1, 'Lorem ipsum dolor sit amet, consectetur .adipiscing elit, sed do eiusmod tempor.', '2025-02-02 09:05:10', 1),
(4, 13, 9, 'c\'est génial !', '2025-02-03 09:50:37', 1);

-- --------------------------------------------------------

--
-- Structure de la table `user`
--

CREATE TABLE `user` (
  `id` int(11) UNSIGNED NOT NULL,
  `login` varchar(100) NOT NULL,
  `email` varchar(255) NOT NULL,
  `password` varchar(255) NOT NULL,
  `created_at` datetime NOT NULL DEFAULT current_timestamp(),
  `profile_image` varchar(255) DEFAULT NULL
) ENGINE=InnoDB DEFAULT CHARSET=utf8mb4 COLLATE=utf8mb4_general_ci;

--
-- Déchargement des données de la table `user`
--

INSERT INTO `user` (`id`, `login`, `email`, `password`, `created_at`, `profile_image`) VALUES
(1, 'nathalire', 'test@test.fr', '$2y$10$sVFyW7FYEvMiEvz.DhenJOHtz2wgyX.Y0a0G65c0uEsNdAyWxHDPe', '2024-01-21 11:14:43', './uploads/profiles/profile_6793b8988bb048.54408629.jpg'),
(9, 'Alexlecture', 'alex@test.fr', '$2y$10$n/4UHJUycVnkkSMsJGvtyegmjVI5J/iKgsn1oniXjDi64JTG3MsKS', '2024-12-01 11:14:43', './uploads/profiles/profile_67926ca59782a8.62531559.jpg'),
(13, 'lucille', 'lucille@test.fr', '$2y$10$kFxNE2jBKB8bvGZEnwoKP.eo8rXfnM26Y2Cs5sBZWIdY6suwOiVaq', '2025-01-21 11:14:43', './uploads/profiles/profile_67aa16045ebf28.39384986.jpg'),
(14, 'splint', 'splint@test.fr', '$2y$10$KhNwAkR7PjY9FuOlpGCw.u.BjS/xWq5B2D8DIY2BIOgbOUa2J6hde', '2025-01-21 11:14:43', './uploads/profiles/profile_67aa15f6b963f8.94282041.jpg');

--
-- Index pour les tables déchargées
--

--
-- Index pour la table `book`
--
ALTER TABLE `book`
  ADD PRIMARY KEY (`id`),
  ADD KEY `user_id` (`user_id`);

--
-- Index pour la table `message`
--
ALTER TABLE `message`
  ADD PRIMARY KEY (`id`),
  ADD KEY `sender_id` (`sender_id`),
  ADD KEY `receiver_id` (`receiver_id`);

--
-- Index pour la table `user`
--
ALTER TABLE `user`
  ADD PRIMARY KEY (`id`),
  ADD UNIQUE KEY `Unique` (`email`);

--
-- AUTO_INCREMENT pour les tables déchargées
--

--
-- AUTO_INCREMENT pour la table `book`
--
ALTER TABLE `book`
  MODIFY `id` int(11) UNSIGNED NOT NULL AUTO_INCREMENT, AUTO_INCREMENT=39;

--
-- AUTO_INCREMENT pour la table `message`
--
ALTER TABLE `message`
  MODIFY `id` int(11) UNSIGNED NOT NULL AUTO_INCREMENT, AUTO_INCREMENT=26;

--
-- AUTO_INCREMENT pour la table `user`
--
ALTER TABLE `user`
  MODIFY `id` int(11) UNSIGNED NOT NULL AUTO_INCREMENT, AUTO_INCREMENT=18;

--
-- Contraintes pour les tables déchargées
--

--
-- Contraintes pour la table `book`
--
ALTER TABLE `book`
  ADD CONSTRAINT `book_ibfk_1` FOREIGN KEY (`user_id`) REFERENCES `user` (`id`) ON DELETE CASCADE;

--
-- Contraintes pour la table `message`
--
ALTER TABLE `message`
  ADD CONSTRAINT `message_ibfk_1` FOREIGN KEY (`sender_id`) REFERENCES `user` (`id`) ON DELETE CASCADE,
  ADD CONSTRAINT `message_ibfk_2` FOREIGN KEY (`receiver_id`) REFERENCES `user` (`id`) ON DELETE CASCADE;
COMMIT;

/*!40101 SET CHARACTER_SET_CLIENT=@OLD_CHARACTER_SET_CLIENT */;
/*!40101 SET CHARACTER_SET_RESULTS=@OLD_CHARACTER_SET_RESULTS */;
/*!40101 SET COLLATION_CONNECTION=@OLD_COLLATION_CONNECTION */;
